student_code,firstname,lastname,profession
23456787129,Karena,Karena,student
23456787130,Christal,Ball,student
23456787131,Britni,Rurik,student
23456787132,Codie,Maribeth,student
23456787133,Bobinette,Agle,student
23456787134,Ruthe,Kimmie,student
23456787135,Emilia,Rheingold,student
23456787136,Aryn,Sibyls,student
23456787137,Cindelyn,Garbe,student
23456787138,Jacenta,Salchunas,student
23456787139,Darci,Kermit,student
23456787140,Sarette,Dash,student
23456787141,Amelia,Minetta,student
23456787142,Halette,Bibi,student
23456787143,Calla,Cleavland,student
23456787144,Tilly,Mich,student
23456787145,Vere,Naor,student
23456787146,Gilda,Saunderson,student
23456787147,Janeczka,Winnick,student
23456787148,Sabina,Lanita,student
23456787149,Jobi,Arne,student
23456787150,Britte,Center,student
23456787151,Ericka,Raseda,student
23456787152,Collen,Pelagias,student
23456787153,Nita,Khorma,student
23456787154,Teddie,Cleavland,student
23456787155,Debee,Willie,student
23456787156,Gusty,Margarete,student
23456787157,Rebeca,Malvino,student
23456787158,Madelle,Faro,student
23456787159,Danny,Ramona,student
23456787160,Taffy,Arley,student
23456787161,Peri,Madaih,student
23456787162,Frank,Jerald,student
23456787163,Ginnie,Tatianas,student
23456787164,Veda,Drus,student
23456787165,Janey,Kendrick,student
23456787166,Belinda,Berl,student
23456787167,Blondelle,Tremayne,student
23456787168,Melanie,Bethany,student
23456787169,Ulrike,Fadiman,student
23456787170,Jackie,Herrera,student
23456787171,Jacquetta,Kress,student
23456787172,Emylee,Joni,student
23456787173,Amara,Silvan,student
23456787174,Raina,Emerson,student
23456787175,Joeann,Alfons,student
23456787176,Raquela,Ciapas,student
23456787177,Arabel,O'Carroll,student
23456787178,Kayla,Gunn,student
23456787179,Zaria,Marcellus,student
23456787180,Sean,Mata,student
23456787181,Elena,Talia,student
23456787182,Eugine,Adlare,student
23456787183,Zia,Primalia,student
23456787184,Iseabal,Vacuva,student
23456787185,Ilse,Pandolfi,student
23456787186,Marjie,Seagraves,student
23456787187,Dolli,Hillel,student
23456787188,Gaylene,Damarra,student
23456787189,Jere,Casimir,student
23456787190,Clary,Colleen,student
23456787191,Coral,Lamoree,student
23456787192,Stacey,Buckler,student
23456787193,Elena,Tound,student
23456787194,Wendi,Eiser,student
23456787195,Larine,Darbie,student
23456787196,Ira,Glenden,student
23456787197,Maud,Havens,student
23456787198,Harrietta,Loeb,student
23456787199,Libbie,Johanna,student
23456787200,Teriann,Baylor,student
23456787201,Lynea,Chapland,student
23456787202,Tressa,Valoniah,student
23456787203,Anestassia,Lane,student
23456787204,Kayla,Brunell,student
23456787205,Mariele,Heidt,student
23456787206,Damaris,Dimitris,student
23456787207,Justinn,Plato,student
23456787208,Annice,Glenden,student
23456787209,Aimil,Docilla,student
23456787210,Oralee,Agle,student
23456787211,Di,Jacobah,student
23456787212,Chloris,Wolfgram,student
23456787213,Mahalia,Sandye,student
23456787214,Hermione,Astra,student
23456787215,Merry,An,student
23456787216,Silvana,Hirsch,student
23456787217,Vita,Brady,student
23456787218,Hermione,Rolf,student
23456787219,Trixi,Mitzi,student
23456787220,Kary,Paton,student
23456787221,Tatiania,Damarra,student
23456787222,Yolane,Elsinore,student
23456787223,Rhoda,Rosette,student
23456787224,Celestyna,Peg,student
23456787225,Kore,Aldric,student
23456787226,Alameda,Delacourt,student
23456787227,Nerta,Krystle,student
23456787228,Gianina,Tengdin,student
23456787229,Nariko,Even,student
23456787230,Deloria,Valoniah,student
23456787231,Jan,Moseley,student
23456787232,Aryn,Kellby,student
23456787233,Steffane,Manolo,student
23456787234,Kara-Lynn,Sammons,student
23456787235,Wanda,Hachmin,student
23456787236,Catharine,Bohlin,student
23456787237,Karena,Iphlgenia,student
23456787238,Kristina,Leifeste,student
23456787239,Quintina,Pierette,student
23456787240,Dyann,Valoniah,student
23456787241,Krystle,Atcliffe,student
23456787242,Annabela,Skurnik,student
23456787243,Janis,Hunfredo,student
23456787244,Lolita,Eiser,student
23456787245,Hyacinthe,Sibyls,student
23456787246,Orelia,Rugen,student
23456787247,Roberta,Lanita,student
23456787248,Shirlee,Lesley,student
23456787249,Morganica,Wooster,student
23456787250,Leeanne,Nore,student
23456787251,Halette,Stephie,student
23456787252,Zaria,Schenck,student
23456787253,Bettine,Jobi,student
23456787254,Nita,Ehrman,student
23456787255,Karlee,Tryck,student
23456787256,Kalina,Rhu,student
23456787257,Mariann,Tybald,student
23456787258,Sue,Scammon,student
23456787259,Winny,Hedve,student
23456787260,Bernie,Secrest,student
23456787261,Candy,Wilkinson,student
23456787262,Reeba,Janene,student
23456787263,Tamqrah,Shanley,student
23456787264,Pamella,Katrine,student
23456787265,Mureil,Jacqui,student
23456787266,Max,Beniamino,student
23456787267,Ada,Oriana,student
23456787268,Janeczka,Maryanne,student
23456787269,Jessy,Lorain,student
23456787270,Maye,Germann,student
23456787271,Fred,Rugen,student
23456787272,Aigneis,Raimondo,student
23456787273,Dale,Anastatius,student
23456787274,Helsa,Greenwald,student
23456787275,Oona,Berard,student
23456787276,Gale,Magdalen,student
23456787277,Esmeralda,Aloise,student
23456787278,Annecorinne,Macey,student
23456787279,Flory,Cyrie,student
23456787280,Berta,Chauncey,student
23456787281,Lacie,Publia,student
23456787282,Jinny,Cordi,student
23456787283,Estell,Hurley,student
23456787284,Cherilyn,Arne,student
23456787285,Britni,Brieta,student
23456787286,Lisette,Leler,student
23456787287,Edyth,Rosalba,student
23456787288,Tera,Raama,student
23456787289,Emmey,Noelyn,student
23456787290,Amelia,Hylan,student
23456787291,Althea,Couture,student
23456787292,Livvyy,Gombach,student
23456787293,Veda,Linehan,student
23456787294,Rivalee,Anton,student
23456787295,Sonni,Gabrielli,student
23456787296,Hallie,Eachern,student
23456787297,Janis,Catie,student
23456787298,Ermengarde,Llovera,student
23456787299,Agathe,Prouty,student
23456787300,Tabbatha,Hertzfeld,student
23456787301,Marleah,Croix,student
23456787302,Candy,Gower,student
23456787303,Jenda,Toffic,student
23456787304,Vevay,Stuart,student
23456787305,Fanchon,Malina,student
23456787306,Tera,Cecile,student
23456787307,Edee,Kiyoshi,student
23456787308,Frieda,Wildermuth,student
23456787309,Claudina,Daniele,student
23456787310,Cathyleen,Jobi,student
23456787311,Gabriellia,O'Rourke,student
23456787312,Jenda,Cohdwell,student
23456787313,Vivia,Secrest,student
23456787314,Thalia,Colp,student
23456787315,Phylis,Stav,student
23456787316,Janeczka,Margret,student
23456787317,Bernie,Revkah,student
23456787318,Zaria,Killigrew,student
23456787319,Meghann,Old,student
23456787320,Bibby,Mallon,student
23456787321,Elbertina,Zaslow,student
23456787322,Kamilah,Seessel,student
23456787323,Collen,Colyer,student
23456787324,Jere,Cynar,student
23456787325,Lisette,Tybald,student
23456787326,Brynna,Kellby,student
23456787327,Jennica,Mullane,student
23456787328,Vivia,Quent,student
23456787329,Kimmy,Natica,student
23456787330,Agathe,Fink,student
23456787331,Carol-Jean,Wu,student
23456787332,Cassondra,Gombach,student
23456787333,Cacilie,Dituri,student
23456787334,Desirae,Cohdwell,student
23456787335,Millie,Lenny,student
23456787336,Celisse,Ciro,student
23456787337,Addia,Uund,student
23456787338,Oralee,Margarete,student
23456787339,Carilyn,Gino,student
23456787340,Lesly,Kirbee,student
23456787341,Siana,Kaja,student
23456787342,Delilah,Rudolph,student
23456787343,Judy,Ariella,student
23456787344,Averyl,Vastah,student
23456787345,Harrietta,Rossner,student
23456787346,Merci,Monk,student
23456787347,Thalia,Colbert,student
23456787348,Helsa,Wildermuth,student
23456787349,Sadie,Nester,student
23456787350,Winifred,Yorick,student
23456787351,Flory,Wilona,student
23456787352,Myrtice,Keelia,student
23456787353,Shel,Zachary,student
23456787354,Mahalia,Melan,student
23456787355,Helsa,Ashok,student
23456787356,Ronna,Rosemary,student
23456787357,Althea,Lemuela,student
23456787358,Lilith,Brodench,student
23456787359,Zsa Zsa,Knowling,student
23456787360,Kirbee,Colbert,student
23456787361,Dania,Sheedy,student
23456787362,Belva,Johnsson,student
23456787363,Mamie,Bergman,student
23456787364,Helena,Amand,student
23456787365,Fred,Reneta,student
23456787366,Jere,Deegan,student
23456787367,Mahalia,Norvol,student
23456787368,Jessy,Ophelia,student
23456787369,Wilma,Vastah,student
23456787370,Helsa,Weitman,student
23456787371,Hallie,Garbe,student
23456787372,Aurelie,Johanna,student
23456787373,Carly,Goode,student
23456787374,Rori,Leler,student
23456787375,Arabel,Mozelle,student
23456787376,Ernesta,Horan,student
23456787377,Doralynne,Salchunas,student
23456787378,Micheline,Brady,student
23456787379,Raquela,Bearnard,student
23456787380,Aaren,Sibyls,student
23456787381,Mureil,Berard,student
23456787382,Dari,Anyah,student
23456787383,Kore,Genna,student
23456787384,Sharlene,Adamsen,student
23456787385,Caryl,Bates,student
23456787386,Jasmina,Azeria,student
23456787387,Karly,Henebry,student
23456787388,Thalia,Craggie,student
23456787389,Jorry,Hanleigh,student
23456787390,Lindie,Melleta,student
23456787391,Britte,Delacourt,student
23456787392,Chastity,Primalia,student
23456787393,Orsola,Concha,student
23456787394,Elsie,Merna,student
23456787395,Veda,Concha,student
23456787396,Karly,Weitman,student
23456787397,Tressa,Willie,student
23456787398,Lizzie,Sherfield,student
23456787399,Oona,Read,student
23456787400,Julieta,Sinegold,student
23456787401,Viviene,Alarise,student
23456787402,Ann-Marie,Hortensia,student
23456787403,Noelle,Olnee,student
23456787404,Pearline,Liva,student
23456787405,Brooks,Juan,student
23456787406,Lorenza,Moseley,student
23456787407,Rebeca,Ade,student
23456787408,Daryl,Abernon,student
23456787409,Brandise,Ade,student
23456787410,Silvana,Phaidra,student
23456787411,Deedee,Adore,student
23456787412,Lindie,Brian,student
23456787413,Amalie,Sherrie,student
23456787414,Betta,Kiersten,student
23456787415,Yvonne,Euridice,student
23456787416,Chrystel,Marsden,student
23456787417,Carlie,Keily,student
23456787418,Audrie,Gaspard,student
23456787419,Heddie,Tarrant,student
23456787420,Lory,Barrus,student
23456787421,Isa,Arvo,student
23456787422,Edith,Faro,student
23456787423,Edee,Kylander,student
23456787424,Lucy,Roscoe,student
23456787425,Vivia,Anis,student
23456787426,Annice,Jotham,student
23456787427,Annaliese,Malanie,student
23456787428,Mignon,Emanuel,student
23456787429,Inga,Rhu,student
23456787430,Lanae,Mintz,student
23456787431,Elyssa,Chapland,student
23456787432,Dacia,Behre,student
23456787433,Dorice,Felecia,student
23456787434,Lisette,Meli,student
23456787435,Xylina,Bohlin,student
23456787436,Daune,Publia,student
23456787437,Ariela,Kesley,student
23456787438,Barbara,Valoniah,student
23456787439,Ericka,Therine,student
23456787440,Lindie,Holtz,student
23456787441,Cindelyn,Maryanne,student
23456787442,Susan,Redmond,student
23456787443,Phedra,Stelle,student
23456787444,Cathie,Mandler,student
23456787445,Chere,Suanne,student
23456787446,Beth,Raul,student
23456787447,Celestyna,Darbie,student
23456787448,Ezmeralda,Torray,student
23456787449,Shannah,Ardra,student
23456787450,Vanessa,Valoniah,student
23456787451,Bernie,Carbo,student
23456787452,Annora,Old,student
23456787453,Clarice,Rocray,student
23456787454,Lacie,Darbie,student
23456787455,Kirstin,Ariella,student
23456787456,Ivett,Lea,student
23456787457,Rosanne,Terrence,student
23456787458,Bertine,Ethban,student
23456787459,Valeda,Denis,student
23456787460,Kellen,Loeb,student
23456787461,Fredericka,Fadiman,student
23456787462,Donetta,Malanie,student
23456787463,Correy,Naashom,student
23456787464,Regina,Roche,student
23456787465,Arabel,Maples,student
23456787466,Randa,Gerge,student
23456787467,Valera,Briney,student
23456787468,Britni,Middleton,student
23456787469,Ermengarde,Uird,student
23456787470,Dania,Darian,student
23456787471,Kaja,Poll,student
23456787472,Melisent,Melony,student
23456787473,Aili,Colbert,student
23456787474,Ofilia,Anestassia,student
23456787475,Dotty,Byrne,student
23456787476,Marylou,Nadia,student
23456787477,Vita,Stephie,student
23456787478,Violet,Pierette,student
23456787479,Florie,Stanwood,student
23456787480,Darci,Maribeth,student
23456787481,Sean,Delacourt,student
23456787482,Alejandra,Demitria,student
23456787483,Riannon,Grimbly,student
23456787484,Micheline,Moina,student
23456787485,Adriana,Kenney,student
23456787486,Tersina,Jacqui,student
23456787487,Roslyn,Margarete,student
23456787488,Darlleen,Francyne,student
23456787489,Leanna,Whiffen,student
23456787490,Malina,Nelsen,student
23456787491,Bee,McNully,student
23456787492,Adele,Billye,student
23456787493,Suzette,Anastatius,student
23456787494,Nicoli,Drus,student
23456787495,Joane,Philoo,student
23456787496,Janis,Rad,student
23456787497,Julieta,Sophronia,student
23456787498,Adore,Barbey,student
23456787499,Laure,Adalbert,student
23456787500,Joeann,Parette,student
23456787501,Katharina,Oscar,student
23456787502,Charlena,Lareena,student
23456787503,Wanda,Woodberry,student
23456787504,Olivette,Malanie,student
23456787505,Merle,Philoo,student
23456787506,Candy,Bettine,student
23456787507,Brana,Susannah,student
23456787508,Sidoney,Colp,student
23456787509,Neila,Gaulin,student
23456787510,Linzy,Vernier,student
23456787511,Cristabel,Edee,student
23456787512,Florencia,Chem,student
23456787513,Robinia,Ophelia,student
23456787514,Rayna,Couture,student
23456787515,Suzette,Rugen,student
23456787516,Binny,Rad,student
23456787517,Dale,Harned,student
23456787518,Oona,Mendez,student
23456787519,Karena,Yuille,student
23456787520,Betta,Ajay,student
23456787521,Zia,Joachim,student
23456787522,Britni,Pillsbury,student
23456787523,Ekaterina,Tayib,student
23456787524,Kore,Buffum,student
23456787525,Brynna,Magnolia,student
23456787526,Giustina,Lattie,student
23456787527,Talya,Salchunas,student
23456787528,Alameda,Madaih,student
23456787529,Gui,Sophronia,student
23456787530,Kaja,Rosette,student
23456787531,Kerrin,Kylander,student
23456787532,Lexine,Hanshaw,student
23456787533,Bobbi,Pip,student
23456787534,Zia,Marijo,student
23456787535,Flory,Dunkin,student
23456787536,Chastity,Glenden,student
23456787537,Hettie,Fancie,student
23456787538,Rebeca,Tillford,student
23456787539,Trixi,Demitria,student
23456787540,Queenie,Bertold,student
23456787541,Sashenka,Zachary,student
23456787542,Donnie,Ball,student
23456787543,Kaia,Killigrew,student
23456787544,Binny,Judye,student
23456787545,Eadie,Terencio,student
23456787546,Larine,Brady,student
23456787547,Maud,Isidore,student
23456787548,Sophia,Zamora,student
23456787549,Jinny,Gladstone,student
23456787550,Zaria,Noam,student
23456787551,Rivalee,Crudden,student
23456787552,Millie,Kylander,student
23456787553,Margette,Nester,student
23456787554,Augustine,Prober,student
23456787555,Lyssa,Bashemeth,student
23456787556,Harmonia,Dalli,student
23456787557,Angela,Scammon,student
23456787558,Arabel,McCutcheon,student
23456787559,Cathyleen,Sasnett,student
23456787560,Leeanne,Ivens,student
23456787561,Susan,Buttaro,student
23456787562,Elora,Martsen,student
23456787563,Evita,Kinnard,student
23456787564,Regina,Edison,student
23456787565,Debee,Granoff,student
23456787566,Audrie,Roscoe,student
23456787567,Gusty,Trinetta,student
23456787568,Suzette,Stevy,student
23456787569,Rozele,Briney,student
23456787570,Lila,Riordan,student
23456787571,Georgetta,Faso,student
23456787572,Henriette,Faso,student
23456787573,Daryl,Standing,student
23456787574,Keelia,Leler,student
23456787575,Fina,August,student
23456787576,Jerry,Leonard,student
23456787577,Emelina,Howlyn,student
23456787578,Jan,Gualtiero,student
23456787579,Heddie,Sancho,student
23456787580,Kary,Dunkin,student
23456787581,Lynde,Iphlgenia,student
23456787582,Demetris,Mendez,student
23456787583,Vonny,Urias,student
23456787584,Diena,Glenden,student
23456787585,Sherrie,Neils,student
23456787586,Corry,Capello,student
23456787587,Julieta,Cynar,student
23456787588,Emilia,Anselmi,student
23456787589,Ellette,Shama,student
23456787590,Lorne,Trinetta,student
23456787591,Charmaine,Cullin,student
23456787592,Selma,Shields,student
23456787593,Gretal,Braun,student
23456787594,Joeann,Loeb,student
23456787595,Ericka,Goth,student
23456787596,Donnie,Levey,student
23456787597,Calla,Ajay,student
23456787598,Juliane,Thar,student
23456787599,Ninnetta,Plato,student
23456787600,Judy,Keily,student
23456787601,Desirae,Tjon,student
23456787602,Helena,Felizio,student
23456787603,Dania,Wolfgram,student
23456787604,Starla,Eckblad,student
23456787605,Sybille,Afton,student
23456787606,Dede,Bigner,student
23456787607,Evita,Anestassia,student
23456787608,Tomasina,Jacqui,student
23456787609,Minne,Atonsah,student
23456787610,Morganica,Mehalek,student
23456787611,Shell,Ferino,student
23456787612,Brianna,Atcliffe,student
23456787613,Basia,Noelyn,student
23456787614,Hyacinthe,Zaslow,student
23456787615,Cristabel,Sidonius,student
23456787616,Maridel,Boycey,student
23456787617,Keelia,Liva,student
23456787618,Shell,Hillel,student
23456787619,Ariela,Ingra,student
23456787620,Brietta,Chesna,student
23456787621,Goldie,Cullin,student
23456787622,Sara-Ann,Middleton,student
23456787623,Jennica,Liebermann,student
23456787624,Gwyneth,Warthman,student
23456787625,Mara,Trace,student
23456787626,Clementine,Regan,student
23456787627,Addia,Hartnett,student
23456787628,Cyb,Nisbet,student
23456787629,Emma,Chapland,student
23456787630,Karena,Moina,student
23456787631,Elfreda,Toni,student
23456787632,Elora,Bluh,student
23456787633,Sybille,Shelba,student
23456787634,Edee,McGrody,student
23456787635,Lucy,Hanshaw,student
23456787636,Katleen,Pip,student
23456787637,Caressa,Barrus,student
23456787638,Tressa,Belanger,student
23456787639,Kathy,Han,student
23456787640,Mariann,Imelida,student
23456787641,Sidoney,Laverne,student
23456787642,Ann-Marie,Sundin,student
23456787643,Codie,Hunfredo,student
23456787644,Max,Oscar,student
23456787645,Sashenka,Medrek,student
23456787646,Beatriz,Ovid,student
23456787647,June,Linskey,student
23456787648,Eadie,Bahr,student
23456787649,Meghann,Fulmer,student
23456787650,Anica,Shaddock,student
23456787651,Bernardine,Suanne,student
23456787652,Vevay,Fiann,student
23456787653,Tarra,Demitria,student
23456787654,Agnese,Viddah,student
23456787655,Cherilyn,Trace,student
23456787656,Kathi,Philoo,student
23456787657,Tabbatha,Jethro,student
23456787658,Rosaline,Adamsen,student
23456787659,Atlanta,Vernier,student
23456787660,Carmela,Modie,student
23456787661,Caryl,Selway,student
23456787662,Cherilyn,Jary,student
23456787663,Pearline,Ammann,student
23456787664,Julieta,Phi,student
23456787665,Allis,Dimitris,student
23456787666,Sallie,Phi,student
23456787667,Ardenia,Bord,student
23456787668,Ardenia,Dichy,student
23456787669,Nita,Allys,student
23456787670,Angelique,Haymes,student
23456787671,Roxane,Norrie,student
23456787672,Babita,Urania,student
23456787673,Madeleine,Phi,student
23456787674,Amii,Pelagias,student
23456787675,Clary,Gemini,student
23456787676,Lynnea,Bronk,student
23456787677,Leeanne,August,student
23456787678,Emmey,Wenoa,student
23456787679,Kristina,Allys,student
23456787680,Corry,Eliathas,student
23456787681,Brianna,Lytton,student
23456787682,Eadie,Raseda,student
23456787683,Marleah,Turne,student
23456787684,Susan,Hathaway,student
23456787685,Chloris,Leifeste,student
23456787686,Fredericka,Hepsibah,student
23456787687,Rori,Imelida,student
23456787688,Merrie,Junie,student
23456787689,Cristabel,Bakerman,student
23456787690,Lexine,Sheng,student
23456787691,Rozele,Gert,student
23456787692,Gusty,Elbertina,student
23456787693,Korrie,Phaidra,student
23456787694,Suzette,Rurik,student
23456787695,Ariela,Ilka,student
23456787696,Dacia,Damarra,student
23456787697,Johna,Thad,student
23456787698,Zondra,Shuler,student
23456787699,Sherrie,Mott,student
23456787700,Wilma,Tillford,student
23456787701,Max,Khorma,student
23456787702,Ashlee,Leopold,student
23456787703,Clementine,Erlandson,student
23456787704,Annice,Gaynor,student
23456787705,Tiffie,Yam,student
23456787706,Christian,Kannry,student
23456787707,Judy,Laverne,student
23456787708,Adelle,Arley,student
23456787709,Ileana,Ricarda,student
23456787710,Elmira,Ariella,student
23456787711,Rebeca,Syd,student
23456787712,Marsiella,Bakerman,student
23456787713,Gerianna,Docilla,student
23456787714,Helena,Swanhildas,student
23456787715,Karina,Sprage,student
23456787716,Nerta,Crudden,student
23456787717,Dione,Yam,student
23456787718,Kore,Garbe,student
23456787719,Leia,Dunkin,student
23456787720,Valeda,Waite,student
23456787721,Queenie,Neva,student
23456787722,Fina,Tristram,student
23456787723,Tomasina,Adlare,student
23456787724,Lanna,Randene,student
23456787725,Pamella,Juliet,student
23456787726,Claudina,Ephrem,student
23456787727,Jean,Kat,student
23456787728,Nannie,Kosey,student
23456787729,Florencia,Ehrman,student
23456787730,Arabel,Tamsky,student
23456787731,Queenie,Decato,student
23456787732,Lelah,Karylin,student
23456787733,Almeta,Lilas,student
23456787734,Lexine,Stacy,student
23456787735,Elena,Brittani,student
23456787736,Lynnea,Erb,student
23456787737,Shaylyn,Huggins,student
23456787738,Myriam,Oriana,student
23456787739,Chickie,Matthew,student
23456787740,Kimberley,Publia,student
23456787741,Nickie,Cornelia,student
23456787742,Dennie,Cristi,student
23456787743,Doralynne,Philipp,student
23456787744,Albertina,Chandler,student
23456787745,Teriann,Candy,student
23456787746,Nita,Linskey,student
23456787747,Chrystel,Anestassia,student
23456787748,Marti,Oster,student
23456787749,Demetris,O'Rourke,student
23456787750,Edith,Tufts,student
23456787751,Laure,Ingra,student
23456787752,Letizia,Warthman,student
23456787753,Damaris,Fillbert,student
23456787754,Christy,Breed,student
23456787755,Norine,Thema,student
23456787756,Gretal,Joseph,student
23456787757,Carmencita,Soneson,student
23456787758,Nananne,Euridice,student
23456787759,Celestyna,Susannah,student
23456787760,Jolyn,Regan,student
23456787761,Jasmina,Croix,student
23456787762,Gisela,Bronk,student
23456787763,Brynna,Esmaria,student
23456787764,Lila,Raseda,student
23456787765,Candi,Carey,student
23456787766,Dede,Audly,student
23456787767,Layla,Liebermann,student
23456787768,Ann-Marie,Pelagias,student
23456787769,Harmonia,Ranjiv,student
23456787770,Lorne,Schonfeld,student
23456787771,Brena,Hollingsworth,student
23456787772,Eolanda,Drus,student
23456787773,Bibby,Muriel,student
23456787774,Trudie,Pillsbury,student
23456787775,Abbie,Alva,student
23456787776,Sidoney,Lynn,student
23456787777,Renie,Lunsford,student
23456787778,Jenilee,Obed,student
23456787779,Agathe,Arquit,student
23456787780,Fanchon,Mintz,student
23456787781,Devina,Vharat,student
23456787782,Nananne,Ephrem,student
23456787783,Mahalia,Norrie,student
23456787784,Codie,Autrey,student
23456787785,Peri,Posner,student
23456787786,Lacie,Abernon,student
23456787787,Mady,Lasley,student
23456787788,Larine,Pearse,student
23456787789,Sabina,Sinegold,student
23456787790,Lorne,Ranjiv,student
23456787791,Myrtice,Oscar,student
23456787792,Jolyn,Bearnard,student
23456787793,Yetty,Kannry,student
23456787794,Dyann,Fancie,student
23456787795,Gavrielle,Lareena,student
23456787796,Aeriela,Wareing,student
23456787797,Feliza,Garbe,student
23456787798,Genovera,Belanger,student
23456787799,Dacia,Ellerey,student
23456787800,Christian,Wenda,student
23456787801,Liana,Leffen,student
23456787802,Nariko,Felecia,student
23456787803,Celene,Janith,student
23456787804,Cyb,Erb,student
23456787805,Rivalee,Leopold,student
23456787806,Minne,Virgin,student
23456787807,Ann-Marie,Brotherson,student
23456787808,Sharai,Valoniah,student
23456787809,Camile,Hurley,student
23456787810,Gwyneth,Valerio,student
23456787811,Shauna,Arley,student
23456787812,Rosene,Kirbee,student
23456787813,Rebeca,Ulphia,student
23456787814,Jasmina,Charity,student
23456787815,Jerry,Claudine,student
23456787816,Ardeen,Georgy,student
23456787817,Libbie,Horan,student
23456787818,Tamqrah,Quinn,student
23456787819,Gui,Campball,student
23456787820,Addia,Kauppi,student
23456787821,Ekaterina,Ramona,student
23456787822,Leeanne,Melony,student
23456787823,Lita,Croix,student
23456787824,Marline,Auberbach,student
23456787825,Daphne,Helfand,student
23456787826,Carly,Hilbert,student
23456787827,Maurene,Westphal,student
23456787828,Karena,Brackely,student
23456787829,Caryl,Fredi,student
23456787830,Ilse,Arathorn,student
23456787831,Danika,Holtz,student
23456787832,Deedee,Kannry,student
23456787833,Dulcinea,Morgun,student
23456787834,Morganica,Hubert,student
23456787835,Dale,Durante,student
23456787836,Miquela,Curren,student
23456787837,Lynde,Irmine,student
23456787838,Ana,Letsou,student
23456787839,Jasmina,Jena,student
23456787840,Roxane,Pelagias,student
23456787841,Ana,Goth,student
23456787842,Giustina,Lesley,student
23456787843,Melina,Fink,student
23456787844,Vinita,Dannye,student
23456787845,Roseline,Kaja,student
23456787846,Latisha,Margret,student
23456787847,Karolina,Weitman,student
23456787848,Jasmina,Raimondo,student
23456787849,Ruthe,Norvol,student
23456787850,Cassandra,Tyson,student
23456787851,Barbi,Meter,student
23456787852,Feliza,Hailee,student
23456787853,Genovera,Fennessy,student
23456787854,Desirae,Saint,student
23456787855,Mireielle,Hanleigh,student
23456787856,Tracey,Peonir,student
23456787857,Angela,Sekofski,student
23456787858,Jaclyn,Grayce,student
23456787859,Nessie,Christine,student
23456787860,Anthia,Tybald,student
23456787861,Elise,Eldrid,student
23456787862,Marnia,Catie,student
23456787863,Margarette,Zetta,student
23456787864,Adriana,Noelyn,student
23456787865,Queenie,Faro,student
23456787866,Diena,Israeli,student
23456787867,Sandie,Bach,student
23456787868,Tina,Kolnick,student
23456787869,Rosabelle,Faria,student
23456787870,Jsandye,Cottle,student
23456787871,Arabel,McLaughlin,student
23456787872,Marti,Laurianne,student
23456787873,Ira,Damarra,student
23456787874,Bernardine,Allina,student
23456787875,Linet,Urias,student
23456787876,Natka,Brenn,student
23456787877,Nickie,Goode,student
23456787878,Joy,Narton,student
23456787879,Karlee,Myrilla,student
23456787880,Vonny,Harriman,student
23456787881,Lynea,Nance,student
23456787882,Theodora,Brian,student
23456787883,Emmey,Naor,student
23456787884,Ana,Germann,student
23456787885,Debee,Fitzsimmons,student
23456787886,Marcelline,Ashok,student
23456787887,Gianina,Krystle,student
23456787888,Winny,Alabaster,student
23456787889,Britte,Corabella,student
23456787890,Tilly,Ramona,student
23456787891,Jorry,Horan,student
23456787892,Sheelagh,Breed,student
23456787893,Jinny,Eldrid,student
23456787894,Adelle,Klemperer,student
23456787895,Cathie,Kaja,student
23456787896,Natka,Glenden,student
23456787897,Mureil,Manolo,student
23456787898,Katleen,Hamil,student
23456787899,Magdalena,Rosalba,student
23456787900,Larine,Miru,student
23456787901,Amara,Koziara,student
23456787902,Pearline,Edmund,student
23456787903,Marika,Sisile,student
23456787904,Maurene,Weitman,student
23456787905,Aryn,Fillbert,student
23456787906,Tina,Sadowski,student
23456787907,Consuela,Standing,student
23456787908,Madalyn,Paine,student
23456787909,Sidoney,Silvan,student
23456787910,Christian,Frendel,student
23456787911,Gaylene,Gordon,student
23456787912,Maisey,Brunell,student
23456787913,Brooks,Mandler,student
23456787914,Joelly,Borrell,student
23456787915,Melodie,Joli,student
23456787916,Heddie,Gualtiero,student
23456787917,Kristina,Ammann,student
23456787918,Justinn,Cavan,student
23456787919,Pamella,Justinn,student
23456787920,Coral,Flyn,student
23456787921,Imojean,Sheedy,student
23456787922,Tabbatha,Ammann,student
23456787923,Karina,Monk,student
23456787924,Kittie,Justinn,student
23456787925,Shauna,Joni,student
23456787926,Jacquetta,Percy,student
23456787927,Lory,Jobi,student
23456787928,Emmey,Kenwood,student
23456787929,Linet,Markman,student
23456787930,Mady,Concha,student
23456787931,Imojean,Hoenack,student
23456787932,Annaliese,Ackerley,student
23456787933,Maurene,Cohdwell,student
23456787934,Vevay,Leler,student
23456787935,Elena,Kauppi,student
23456787936,Nicoli,Garlinda,student
23456787937,Bee,Vharat,student
23456787938,Sindee,Joseph,student
23456787939,Cecile,McCutcheon,student
23456787940,Frank,Vastah,student
23456787941,Heddie,Nisbet,student
23456787942,Jeanna,O'Carroll,student
23456787943,Brianna,Khorma,student
23456787944,Dotty,Carleen,student
23456787945,Verla,Richers,student
23456787946,Lily,Oneida,student
23456787947,Jere,Rad,student
23456787948,Bernie,Reidar,student
23456787949,Marsiella,Dex,student
23456787950,Carly,Bergman,student
23456787951,Julieta,Manolo,student
23456787952,Ottilie,Newell,student
23456787953,Celisse,Mauer,student
23456787954,Andree,Isacco,student
23456787955,Sonni,Roxanna,student
23456787956,Binny,Velick,student
23456787957,Rhoda,Lay,student
23456787958,Georgina,Anastatius,student
23456787959,Teddie,Trey,student
23456787960,Ketti,Zuzana,student
23456787961,Ileana,Kimmie,student
23456787962,Adele,Shanley,student
23456787963,Arabel,Levey,student
23456787964,Xylina,Elsinore,student
23456787965,Joleen,Edvard,student
23456787966,Georgina,Gaynor,student
23456787967,Karolina,Bearnard,student
23456787968,Mady,Ezar,student
23456787969,Melina,Terencio,student
23456787970,Tabbatha,Cookie,student
23456787971,Merci,Korey,student
23456787972,Jackie,Grosz,student
23456787973,Robinia,Gillan,student
23456787974,Jenilee,Fennessy,student
23456787975,Molli,Rona,student
23456787976,Fredericka,Sundin,student
23456787977,Oona,Desai,student
23456787978,Ellette,Melan,student
23456787979,Meg,Raseda,student
23456787980,Starla,Phaidra,student
23456787981,Vita,Dowski,student
23456787982,Jaime,Sperling,student
23456787983,Kirstin,Ashok,student
23456787984,Lorne,Hebner,student
23456787985,Abbie,Norrie,student
23456787986,Siana,Kylander,student
23456787987,Corry,Iphlgenia,student
23456787988,Regina,Docilla,student
23456787989,Madalyn,Lunsford,student
23456787990,Ottilie,Ruvolo,student
23456787991,Cassandra,Ursulette,student
23456787992,Madelle,Paine,student
23456787993,Aaren,Edmund,student
23456787994,Deloria,Kaete,student
23456787995,Cristine,Ulphia,student
23456787996,Kial,Tippets,student
23456787997,Alex,Pulsifer,student
23456787998,Rosaline,Korey,student
23456787999,Myriam,Presber,student
23456788000,Ginnie,Neils,student
23456788001,Layla,Harday,student
23456788002,Deirdre,Roumell,student
23456788003,Claresta,Donoghue,student
23456788004,Roseline,Olnee,student
23456788005,Monika,Hirsch,student
23456788006,Sophia,Sisile,student
23456788007,Elyssa,Wallis,student
23456788008,Zondra,Prouty,student
23456788009,Sissy,Tybald,student
23456788010,Maye,Ellord,student
23456788011,Fred,Schwejda,student
23456788012,Kelly,Yoko,student
23456788013,Odessa,Burkle,student
23456788014,Carmencita,Jeanne,student
23456788015,Mariele,Cordi,student
23456788016,Florie,Boehike,student
23456788017,Jillayne,Natalia,student
23456788018,Loree,Bebe,student
23456788019,Julieta,Birdella,student
23456788020,Tori,Means,student
23456788021,Antonietta,Bettine,student
23456788022,Darci,Brackely,student
23456788023,Nadine,Lamoree,student
23456788024,Margette,Dearborn,student
23456788025,Cindelyn,Keelia,student
23456788026,Donnie,Dalli,student
23456788027,Melina,Anis,student
23456788028,Celestyna,Bigner,student
23456788029,Theodora,Aprile,student
23456788030,Tori,Lilybelle,student
23456788031,Meriel,Sandye,student
23456788032,Keelia,Maurine,student
23456788033,Iseabal,Wolfgram,student
23456788034,Rhoda,Kaja,student
23456788035,Jinny,Urania,student
23456788036,Bill,Baptlsta,student
23456788037,Aigneis,Fabiola,student
23456788038,Shirlee,Serilda,student
23456788039,Brena,Arathorn,student
23456788040,Ethel,Schonfeld,student
23456788041,Barbara,Dituri,student
23456788042,Jolyn,Chabot,student
23456788043,Cherrita,Lanita,student
23456788044,Tarra,Carmena,student
23456788045,Annice,Forrer,student
23456788046,Dorthy,Ietta,student
23456788047,Bettine,Helfand,student
23456788048,Lynea,Jenness,student
23456788049,Viki,Millda,student
23456788050,Grier,Hieronymus,student
23456788051,Kirbee,Bonucci,student
23456788052,Harmonia,Brunell,student
23456788053,Gerianna,Pandolfi,student
23456788054,Aeriela,Audly,student
23456788055,Clary,Koehler,student
23456788056,Patricia,Darbie,student
23456788057,Tomasina,Gaulin,student
23456788058,Beverley,Magdalen,student
23456788059,Gusty,Schenck,student
23456788060,Gwenneth,Decato,student
23456788061,Amelia,Orpah,student
23456788062,Adele,Capello,student
23456788063,Alyssa,Tremayne,student
23456788064,Mellicent,Gillan,student
23456788065,Myrtice,Elo,student
23456788066,Sadie,Tarrant,student
23456788067,Livvyy,Parsaye,student
23456788068,Madalyn,Leary,student
23456788069,Jacenta,McLaughlin,student
23456788070,Nadine,Zola,student
23456788071,Winifred,Albertine,student
23456788072,Gwenneth,Lacombe,student
23456788073,Gui,Kress,student
23456788074,Sashenka,Khorma,student
23456788075,Kathi,Arne,student
23456788076,Emelina,Edvard,student
23456788077,Nikki,Karylin,student
23456788078,Regina,Korey,student
23456788079,Dari,Myrilla,student
23456788080,Lacie,Wareing,student
23456788081,Loree,Corilla,student
23456788082,Eadie,Velick,student
23456788083,Leona,Bates,student
23456788084,Edith,Daveta,student
23456788085,Melisent,Xerxes,student
23456788086,Codie,Garrison,student
23456788087,Brianna,Han,student
23456788088,Chastity,Raul,student
23456788089,Orelia,Alcott,student
23456788090,Augustine,Karylin,student
23456788091,Dagmar,Emanuel,student
23456788092,Emilia,Old,student
23456788093,Janis,Campball,student
23456788094,Cindelyn,Hamil,student
23456788095,Teriann,Hieronymus,student
23456788096,Sharai,Taam,student
23456788097,Lynde,Christine,student
23456788098,Livvyy,Standing,student
23456788099,Elise,August,student
23456788100,Calla,Dawkins,student
23456788101,Dulce,Tayib,student
23456788102,Sonni,Lucienne,student
23456788103,Frank,Slifka,student
23456788104,Belinda,Lunsford,student
23456788105,Tybie,Cordi,student
23456788106,Carmela,Rozanna,student
23456788107,Antonietta,Helfand,student
23456788108,Emma,Weide,student
23456788109,Belinda,Swigart,student
23456788110,Fanny,Francyne,student
23456788111,Joeann,Graig,student
23456788112,Sybille,Astra,student
23456788113,Juliane,Nester,student
23456788114,Farrah,Vivle,student
23456788115,Riannon,Malina,student
23456788116,Dania,Romelda,student
23456788117,Maridel,Silvan,student
23456788118,Rebeca,Fry,student
23456788119,Annecorinne,Tybald,student
23456788120,Charlena,Vilma,student
23456788121,Gianina,Annice,student
23456788122,Lusa,Moseley,student
23456788123,Lusa,Selway,student
23456788124,Nerta,Audly,student
23456788125,Magdalena,Haldas,student
23456788126,Max,Etom,student
23456788127,Babita,Beniamino,student
23456788128,Marline,Stacy,student