office_code,firstname,lastname,profession
10000,Elsie,Rozanna,teacher
10001,Mathilda,Mata,teacher
10002,Kathy,Salchunas,executive staff
10003,Ayn,Camden,executive staff
10004,Sibella,Kimmie,teacher
10005,Doralynne,Cherianne,executive staff
10006,Georgetta,Arvo,executive staff
10007,Jenilee,Lumbard,teacher
10008,Anallese,Nore,executive staff
10009,Ebonee,Lauraine,teacher
10010,Valera,Tillford,teacher
10011,Daryl,Alabaster,teacher
10012,Peri,Eliathas,teacher
10013,Alameda,Vharat,teacher
10014,Gertrud,Gavrila,teacher
10015,Kara-Lynn,Colleen,executive staff
10016,Audrie,Hunfredo,teacher
10017,Ilse,Dahlia,teacher
10018,Petronia,Donoghue,executive staff
10019,Ketti,Tjon,teacher
10020,Olivette,Vanni,executive staff
10021,Merci,Huggins,executive staff
10022,Isa,Rillings,teacher
10023,Maisey,Pyle,executive staff
10024,Arabel,Durante,teacher
10025,Elka,Read,executive staff
10026,Regina,Sabella,teacher
10027,Mariann,Paton,executive staff
10028,Lelah,Xerxes,executive staff
10029,Fawne,Jacobah,executive staff
10030,Elvira,Rosemary,teacher
10031,Minne,Dorothy,teacher
10032,Jacquetta,Newell,executive staff
10033,Adelle,Hedve,teacher
10034,Consuela,Kirbee,executive staff
10035,Gisela,Anselmi,teacher
10036,Lexine,Jacqui,teacher
10037,Mignon,Durware,teacher
10038,Edyth,Ephrem,teacher
10039,Wanda,Zetta,teacher
10040,Merci,Hermes,executive staff
10041,Tomasina,Stelle,executive staff
10042,Kimberley,Medrek,teacher
10043,Alejandra,Redmond,teacher
10044,Tamqrah,Egbert,executive staff
10045,Nanete,Vacuva,executive staff
10046,Vere,Lewes,teacher
10047,Nessie,Quent,teacher
10048,Gerianna,Kevon,executive staff
10049,Esmeralda,Mehalek,teacher
10050,Doro,Yate,executive staff
10051,Kylynn,Gordon,executive staff
10052,Susan,Longfellow,executive staff
10053,Lory,Dosia,teacher
10054,Pierette,Whittaker,executive staff
10055,Oralee,Primalia,executive staff
10056,Isa,Odell,teacher
10057,Corene,Rheingold,executive staff
10058,Elie,Millda,teacher
10059,Carilyn,Wilkinson,teacher
10060,Stevana,Chabot,teacher
10061,Tonia,Granoff,teacher
10062,Paulita,Deny,teacher
10063,Katharina,Elo,teacher
10064,Kary,Adore,executive staff
10065,Collen,Elisha,teacher
10066,Hayley,Faust,teacher
10067,Jobi,Santoro,teacher
10068,Tori,Sammons,executive staff
10069,Taffy,Tremayne,teacher
10070,Elbertina,Angelis,teacher
10071,Rosene,Shields,executive staff
10072,Hollie,Dimitris,teacher
10073,Marylou,Cadmar,teacher
10074,Viki,Meter,executive staff
10075,Stevana,Klemperer,teacher
10076,Agathe,Pauly,executive staff
10077,Lizzie,Skurnik,executive staff
10078,Christian,Wittie,teacher
10079,Micheline,Phyllis,executive staff
10080,Yetty,Fontana,teacher
10081,Melanie,Alisia,teacher
10082,Grier,Roumell,executive staff
10083,Olivette,Hachmin,teacher
10084,Elfreda,Thilda,executive staff
10085,Frank,Tarrant,teacher
10086,Bernardine,Callista,executive staff
10087,Shaine,Aaberg,teacher
10088,Harmonia,Odell,teacher
10089,Jacenta,Francene,executive staff
10090,Flo,Gaspard,executive staff
10091,Celisse,Rona,executive staff
10092,Albertina,Thar,teacher
10093,Lita,Fontana,teacher
10094,Josephine,Argus,teacher
10095,Drucie,Krystle,executive staff
10096,Anica,Grosz,executive staff
10097,Selma,Kare,executive staff
10098,Albertina,Lynn,executive staff
10099,Arabel,Bendick,teacher
10100,Alyssa,Wooster,executive staff
10101,Shirlee,Talia,executive staff
10102,Asia,Aldric,executive staff
10103,Averyl,Ephrem,teacher
10104,Lorne,Bahr,executive staff
10105,Aimil,Cristi,executive staff
10106,Hope,Morrill,teacher
10107,Raf,Hirsch,executive staff
10108,Emylee,Milde,teacher
10109,Odessa,Connelly,executive staff
10110,Arlena,Rogerio,executive staff
10111,Addia,Marisa,executive staff
10112,Shandie,Sancho,executive staff
10113,Nessie,Linehan,teacher
10114,Oona,Raama,executive staff
10115,Shandie,Morgun,executive staff
10116,Vanessa,Suk,executive staff
10117,Chastity,Merat,teacher
10118,Dari,Elvyn,teacher
10119,Melisent,Bluh,teacher
10120,Valera,Si,teacher
10121,Dede,Ilka,teacher
10122,Ruthe,Belanger,teacher
10123,Demetris,Kiersten,executive staff
10124,Lorie,Boehike,teacher
10125,Heddie,Deny,executive staff
10126,Latisha,Georgy,executive staff
10127,Sidoney,Slifka,executive staff
10128,Basia,Quent,executive staff
10129,Isa,Anastatius,executive staff
10130,Verla,Milde,executive staff
10131,Modestia,Markman,teacher
10132,Paulita,Weinreb,executive staff
10133,Cherrita,Gualtiero,executive staff
10134,Minne,Karna,teacher
10135,Lacie,Ricarda,executive staff
10136,Celisse,Fitzsimmons,executive staff
10137,Krystle,Kamaria,executive staff
10138,Ellette,Moseley,executive staff
10139,Fredericka,Rodmann,executive staff
10140,Helena,Maxi,executive staff
10141,Marsiella,McLaughlin,executive staff
10142,Michaelina,Allare,executive staff
10143,Dolli,Leary,executive staff
10144,Stephanie,Eno,executive staff
10145,Madalyn,Koehler,teacher
10146,Amara,Susannah,teacher
10147,Glenda,Chaing,teacher
10148,Louella,Loleta,teacher
10149,Di,Pattin,teacher
10150,Cecile,Nunci,executive staff
10151,Clarice,Azeria,teacher
10152,Lonnie,Leopold,executive staff
10153,Ardeen,Wooster,executive staff
10154,Allyce,Kamaria,teacher
10155,Sarette,Maribeth,teacher
10156,Demetris,Dash,teacher
10157,Sybille,Poppy,teacher
10158,Carmela,Kimmie,executive staff
10159,Kathi,Dearborn,teacher
10160,Joceline,Bonilla,executive staff
10161,Jenda,Oriana,teacher
10162,Ernesta,Schenck,teacher
10163,Cissiee,Eldrid,teacher
10164,Inga,Amethist,executive staff
10165,Orelia,Dearborn,teacher
10166,Jeanna,Audly,teacher
10167,Bobinette,Arquit,executive staff
10168,Rivalee,Infield,teacher
10169,Lynde,Lasley,executive staff
10170,Glynnis,Magnolia,executive staff
10171,Mahalia,Maples,executive staff
10172,Nita,Delp,executive staff
10173,Fanny,Aida,executive staff
10174,Meriel,Decato,teacher
10175,Renie,Roche,teacher
10176,Lanae,Peg,executive staff
10177,Margette,Bashemeth,teacher
10178,Mureil,Eugenia,teacher
10179,Marguerite,Angelis,teacher
10180,Korrie,Rosemary,executive staff
10181,Lorenza,Earlie,executive staff
10182,Genevra,Longfellow,teacher
10183,Maud,Merell,executive staff
10184,Tybie,Buckler,executive staff
10185,Janey,Norrie,teacher
10186,Arlina,Schonfeld,executive staff
10187,Paulita,Heidt,executive staff
10188,Oralee,Roarke,teacher
10189,Clarice,Sparhawk,executive staff
10190,Marti,Charmine,teacher
10191,Cecile,Florina,teacher
10192,Malina,Sabella,teacher
10193,Camile,Alejoa,executive staff
10194,Alex,Skurnik,executive staff
10195,Joelly,Schalles,teacher
10196,Leona,Holbrook,executive staff
10197,Sybille,MacIntosh,teacher
10198,Flo,Alcott,executive staff
10199,Lorenza,Erb,executive staff
10200,Feliza,Tippets,executive staff
10201,Kittie,Zamora,executive staff
10202,Livvyy,Gower,teacher
10203,Maud,Orpah,teacher
10204,Letizia,Geffner,teacher
10205,Atlanta,Berne,executive staff
10206,Joleen,Armanda,executive staff
10207,Ardenia,Melleta,executive staff
10208,Lorenza,Center,teacher
10209,Berget,Edee,executive staff
10210,Imojean,Obed,executive staff
10211,Andeee,Shirberg,teacher
10212,Roz,Ahab,executive staff
10213,Luci,Ferrell,executive staff
10214,Renie,Westphal,teacher
10215,Mamie,Creamer,executive staff
10216,Ricky,Urania,teacher
10217,Farrah,Prober,executive staff
10218,Caritta,Callista,executive staff
10219,Taffy,Kazimir,executive staff
10220,Meghann,Bobbee,executive staff
10221,Neila,Nester,executive staff
10222,Annabela,Geffner,executive staff
10223,Lory,Philipp,executive staff
10224,Janeczka,Argus,executive staff
10225,Annabela,My,teacher
10226,Hallie,Euridice,teacher
10227,Valera,Gillan,teacher
10228,Nollie,Regan,executive staff
10229,Philis,Horan,executive staff
10230,Jennica,Maples,executive staff
10231,Aurore,Esmaria,executive staff
10232,Elena,Fiester,executive staff
10233,Stacey,Annice,executive staff
10234,Daphne,Corrine,executive staff
10235,Shaine,Nicoline,executive staff
10236,Nikki,Revkah,executive staff
10237,Lexine,Jerold,teacher
10238,Ashlee,Duwalt,teacher
10239,Cyndie,Zrike,executive staff
10240,Luci,Gert,executive staff
10241,Reeba,Stelle,teacher
10242,Lizzie,Cavan,executive staff
10243,Merrie,Amethist,teacher
10244,Maud,Amasa,teacher
10245,Helsa,Alarise,executive staff
10246,Addia,Kat,executive staff
10247,Genevra,Hoenack,executive staff
10248,Lindie,Vary,teacher
10249,Korrie,Ralfston,teacher
10250,Justinn,Chapland,teacher
10251,Corry,Socha,teacher
10252,Patricia,Modie,teacher
10253,Susan,Nadia,teacher
10254,Kelly,Bonucci,executive staff
10255,Bee,Salvidor,executive staff
10256,Jan,Tamsky,executive staff
10257,Kamilah,Wesle,teacher
10258,Olivette,Swigart,teacher
10259,Annaliese,Idelia,executive staff
10260,Doralynne,Stilwell,teacher
10261,Elvira,Frodi,executive staff
10262,Alameda,Fry,teacher
10263,Stephanie,Ade,teacher
10264,Steffane,Screens,executive staff
10265,Merry,Salchunas,teacher
10266,Nanete,Estella,teacher
10267,Pamella,Kat,teacher
10268,Goldie,Posner,executive staff
10269,Zia,Maryanne,teacher
10270,Rubie,Chobot,teacher
10271,Teriann,Thomasina,executive staff
10272,Corene,Helfand,executive staff
10273,Corina,Si,teacher
10274,Mireielle,Hourigan,teacher
10275,Rochette,Si,executive staff
10276,Diena,Lasley,teacher
10277,Ethel,Uund,teacher
10278,Britni,Dielu,teacher
10279,Elka,Rolf,executive staff
10280,Zaria,Gilbertson,teacher
10281,Netty,Ashok,teacher
10282,Audrie,Holtz,teacher
10283,Iseabal,Anderea,executive staff
10284,Jean,Deegan,teacher
10285,Rayna,Reidar,teacher
10286,Nelle,Publia,teacher
10287,Doralynne,Koziara,executive staff
10288,Heddie,Schalles,executive staff
10289,Di,Rossner,teacher
10290,June,Raffo,executive staff
10291,Priscilla,Soneson,teacher
10292,Frank,Peg,teacher
10293,Arabel,Baptlsta,executive staff
10294,Charissa,Astra,executive staff
10295,Harrietta,Dimitris,teacher
10296,Annecorinne,Love,teacher
10297,Eolanda,Huggins,teacher
10298,Roxane,Hillel,executive staff
10299,Emylee,Urania,executive staff
10300,Belinda,Kosey,teacher
10301,Katharina,Colp,teacher
10302,Clary,Rillings,executive staff
10303,Norine,Hunfredo,executive staff
10304,Betta,Weinreb,executive staff
10305,Kirstin,Skurnik,teacher
10306,Lanae,Thornburg,teacher
10307,Evaleen,Louanna,teacher
10308,Millie,Fulmer,executive staff
10309,Lynnea,Lea,executive staff
10310,Kellen,Ietta,teacher
10311,Nariko,Mandler,executive staff
10312,Correy,Pitt,executive staff
10313,Marcelline,Neils,executive staff
10314,Shel,Gherardo,teacher
10315,Dorene,Lasley,teacher
10316,Kristan,Olin,teacher
10317,Yolane,Kravits,executive staff
10318,Karena,Buckler,teacher
10319,Gertrud,Erb,executive staff
10320,Devina,Richers,executive staff
10321,Meghann,Miru,executive staff
10322,Cindelyn,Delila,teacher
10323,Cecile,Madelene,executive staff
10324,Andree,Pacorro,teacher
10325,Jennica,Dorcy,teacher
10326,Blondelle,Maxi,executive staff
10327,Stacey,Celestine,teacher
10328,Agnese,Concha,executive staff
10329,Ernesta,Presber,teacher
10330,Libbie,Haldas,executive staff
10331,Maye,Pattin,teacher
10332,Nollie,Nahum,teacher
10333,Alameda,Mauer,teacher
10334,Selia,Eckblad,teacher
10335,Gusty,Lutero,executive staff
10336,Kimmy,Bury,teacher
10337,Tamqrah,Rozanna,executive staff
10338,Shannah,Germann,executive staff
10339,Anallese,Orlene,executive staff
10340,Tarra,Oscar,executive staff
10341,Ofilia,Pernick,executive staff
10342,Elie,Kristi,teacher
10343,Beatriz,Daniele,executive staff
10344,June,Verger,teacher
10345,Angelique,Mathilde,teacher
10346,Randa,Codding,teacher
10347,Daryl,O'Rourke,teacher
10348,Blinni,Gabrielli,executive staff
10349,Rosaline,Nea,teacher
10350,Blondelle,Ortrude,executive staff
10351,Tiffie,Monaco,executive staff
10352,Lila,Zeeba,teacher
10353,Drucie,Wildermuth,executive staff
10354,Layla,Carlson,teacher
10355,Sibella,Carey,teacher
10356,Tilly,Pearse,teacher
10357,Oralee,Darbie,teacher
10358,Daryl,Land,executive staff
10359,Jeanna,Azeria,teacher
10360,Marsiella,Hamil,teacher
10361,Jacquetta,Pandolfi,teacher
10362,Heida,Han,teacher
10363,Aurore,Christal,teacher
10364,Brana,Thomasina,executive staff
10365,Albertina,Bibi,teacher
10366,Berta,Beebe,executive staff
10367,Stephanie,Yorick,teacher
10368,Maurene,Doig,teacher
10369,Kathy,Tufts,executive staff
10370,Halette,Jalbert,teacher
10371,Lesly,Bartlett,teacher
10372,Lorne,Wilkinson,teacher
10373,Edee,Mitzi,teacher
10374,Caryl,Tamsky,executive staff
10375,Quintina,Stephie,teacher
10376,Brietta,Lareena,executive staff
10377,Meg,Mayeda,executive staff
10378,Lexine,Corilla,teacher
10379,Wanda,Sothena,teacher
10380,Selma,Docilla,teacher
10381,Briney,Kauppi,teacher
10382,Nelle,Kalinda,teacher
10383,Ingrid,McAdams,teacher
10384,Cacilie,Muriel,teacher
10385,Alameda,Soneson,teacher
10386,Elmira,Neils,executive staff
10387,Ingrid,Teddman,executive staff
10388,Barbara,Haerr,teacher
10389,Jordan,Pandolfi,executive staff
10390,Winny,Ax,teacher
10391,Hollie,Sparhawk,teacher
10392,Tomasina,Alwin,executive staff
10393,Maridel,Horan,executive staff
10394,Christal,Ursulette,executive staff
10395,Alejandra,Allina,executive staff
10396,Krystle,Berard,executive staff
10397,Dyann,Bluh,teacher
10398,Tamqrah,Aldric,teacher
10399,Taffy,Ciro,executive staff
10400,Hollie,Cordi,teacher
10401,Ayn,Thornburg,executive staff
10402,Catharine,Jacobah,executive staff
10403,Tonia,Sandye,executive staff
10404,Addia,Berne,executive staff
10405,Penelopa,McCutcheon,teacher
10406,Dari,Ricki,teacher
10407,Rubie,Teddman,teacher
10408,Zondra,Tybald,teacher
10409,Trixi,Codding,teacher
10410,Doro,Miru,teacher
10411,Paule,Holbrook,executive staff
10412,Shauna,Morehouse,teacher
10413,Daune,Norvol,teacher
10414,Heida,Uird,executive staff
10415,Leia,Mathilde,executive staff
10416,Corry,Pascia,teacher
10417,Michaelina,Rona,teacher
10418,Marnia,Lauraine,executive staff
10419,Elora,Killigrew,executive staff
10420,Kirbee,Francene,executive staff
10421,Layla,Kesley,teacher
10422,Dominga,Anselmi,teacher
10423,Roseline,Anton,teacher
10424,Melina,Lemuela,teacher
10425,Rebeca,Odysseus,teacher
10426,Rosanne,Francyne,executive staff
10427,Alyssa,Federica,executive staff
10428,Elka,Noam,executive staff
10429,Meriel,Leary,executive staff
10430,Edee,Vastah,teacher
10431,Rori,Marijo,teacher
10432,Caryl,Secrest,executive staff
10433,Deedee,Leler,teacher
10434,Cassondra,Chauncey,teacher
10435,Tomasina,Bates,executive staff
10436,Dawn,Bevin,teacher
10437,Lizzie,Andrel,teacher
10438,Phylis,Vivle,executive staff
10439,Luci,Bartlett,teacher
10440,Emylee,Donoghue,teacher
10441,Collen,Schalles,teacher
10442,Ayn,Pozzy,teacher
10443,Jordan,Tufts,executive staff
10444,Micheline,Niccolo,executive staff
10445,Sue,Faro,teacher
10446,Lynnea,Narton,teacher
10447,Edith,Malvino,teacher
10448,Noelle,Isacco,executive staff
10449,Joane,Briney,executive staff
10450,Laurene,Lenny,teacher
10451,Aubrie,Si,teacher
10452,Sam,Tjon,executive staff
10453,Margarette,Shields,teacher
10454,Renae,McClimans,teacher
10455,Myrtice,Jethro,teacher
10456,Demetris,Norrie,teacher
10457,Tracey,Armanda,teacher
10458,Andree,Kravits,teacher
10459,Ezmeralda,Wenda,teacher
10460,Elyssa,Sabella,teacher
10461,Inga,Georas,teacher
10462,Tina,Kress,teacher
10463,Dania,Croix,executive staff
10464,Wynne,Durante,executive staff
10465,Verla,Kesley,teacher
10466,Rhea,Uund,executive staff
10467,Charissa,Oneida,executive staff
10468,Ardys,Margarete,executive staff
10469,Fawne,Gillan,teacher
10470,Kelly,Rudolph,teacher
10471,Petronia,Montgomery,executive staff
10472,Florencia,Lesley,executive staff
10473,Leontine,Shuler,executive staff
10474,Arlina,Celestine,executive staff
10475,Evita,Vacuva,teacher
10476,Max,Brackely,teacher
10477,Flory,Rudolph,executive staff
10478,Sibella,Anis,teacher
10479,Kylynn,Malanie,executive staff
10480,Layla,Corabella,teacher
10481,Jolyn,Juan,executive staff
10482,Sheelagh,Howlyn,executive staff
10483,Britte,Jethro,teacher
10484,Desirae,Isidore,executive staff
10485,Allis,Arne,teacher
10486,Krystle,Janene,teacher
10487,Genovera,Bluh,executive staff
10488,Anestassia,Arne,teacher
10489,Tomasina,Parsaye,teacher
10490,Cherilyn,Phi,teacher
10491,Briney,Arne,executive staff
10492,Gretal,Margret,executive staff
10493,Estell,Wallis,executive staff
10494,Margarette,Nadia,executive staff
10495,Camile,Schroth,executive staff
10496,Asia,Melleta,executive staff
10497,Babita,Hourigan,executive staff
10498,Jaclyn,Raseda,teacher
10499,Ira,Bryna,teacher
10500,Therine,Hurley,teacher
10501,Marnia,Evvie,executive staff
10502,Lindie,Odell,executive staff
10503,Clementine,Zaslow,executive staff
10504,Dari,Fulmer,teacher
10505,Babita,Halsey,teacher
10506,Robinia,Faria,executive staff
10507,Clary,Smitt,executive staff
10508,Christy,Bates,executive staff
10509,Veda,Gahl,teacher
10510,Karly,Wadell,teacher
10511,Mallory,MacIntosh,teacher
10512,Alexine,Randene,teacher
10513,Augustine,Maroney,teacher
10514,Maridel,Publia,executive staff
10515,Lilith,Susannah,teacher
10516,Annaliese,Bahr,executive staff
10517,Emilia,Sasnett,teacher
10518,Tiffie,Hachmin,executive staff
10519,Phedra,Therine,executive staff
10520,Gusella,Juan,executive staff
10521,Nickie,Mich,executive staff
10522,Gwyneth,Neva,teacher
10523,Lindie,Lattie,executive staff
10524,Bernie,Corabella,teacher
10525,Rosene,Margarete,executive staff
10526,Jany,Lorenz,teacher
10527,Kristan,Leifeste,executive staff
10528,Fanchon,Amethist,teacher
10529,Giustina,Solitta,executive staff
10530,Natka,Stilwell,teacher
10531,Michaelina,Morehouse,executive staff
10532,Cherilyn,Sabella,teacher
10533,Dorene,Talia,teacher
10534,Arlena,Nedrud,executive staff
10535,Joleen,Burkle,teacher
10536,Elbertina,Ochs,executive staff
10537,Glynnis,Khorma,executive staff
10538,Hermione,Demitria,executive staff
10539,Rosene,Eachern,teacher
10540,Karolina,Pernick,teacher
10541,Christal,Hepsibah,teacher
10542,Caritta,Medrek,teacher
10543,Bill,Letsou,executive staff
10544,Rhoda,Magnolia,executive staff
10545,Phylis,Aida,teacher
10546,Cathie,Woodberry,teacher
10547,Rori,Halla,executive staff
10548,Jean,Tremayne,teacher
10549,Blinni,Ader,teacher
10550,Carilyn,Ventre,teacher
10551,Karolina,Kazimir,executive staff
10552,Jorry,Candy,teacher
10553,Willetta,Estella,teacher
10554,Tracey,Caitlin,teacher
10555,Catharine,Ball,teacher
10556,Myrtice,Malvino,teacher
10557,Ardenia,Newell,executive staff
10558,Allyce,Sigfrid,executive staff
10559,Vonny,Yuille,teacher
10560,Katuscha,Dorothy,teacher
10561,Adriana,Kenney,executive staff
10562,Feliza,Oneida,teacher
10563,Deedee,Stuart,executive staff
10564,Keelia,Erlandson,executive staff
10565,Alyda,Joni,teacher
10566,Glenda,Erb,teacher
10567,Aaren,Eldrid,executive staff
10568,Alisha,Mitzi,teacher
10569,Sandie,Merat,teacher
10570,June,Alcott,executive staff
10571,Alisha,Primalia,teacher
10572,Jeanna,Zola,teacher
10573,Laure,Lucienne,executive staff
10574,Sheelagh,Krystle,executive staff
10575,Briney,Hartnett,teacher
10576,Millie,Suanne,teacher
10577,Katharina,Evvie,teacher
10578,Amara,Jagir,executive staff
10579,Blondelle,Sabella,teacher
10580,Lonnie,Dorine,teacher
10581,Hyacinthe,Claudine,executive staff
10582,Emelina,Sheng,executive staff
10583,Marleah,Colp,executive staff
10584,Aeriela,Mozelle,executive staff
10585,Philis,Nickola,teacher
10586,Felice,Kellby,teacher
10587,Keelia,Cressida,executive staff
10588,Rozele,Howlyn,executive staff
10589,Jan,Olnee,executive staff
10590,Albertina,Ricki,executive staff
10591,Stacey,Elbertina,teacher
10592,Heida,Cavan,executive staff
10593,Tiffie,Corabella,executive staff
10594,Mildrid,Francyne,executive staff
10595,Gerrie,Ashok,teacher
10596,Audrie,Pattin,teacher
10597,Jinny,Ariella,teacher
10598,Vevay,Azeria,teacher
10599,Ofilia,Alabaster,executive staff
10600,Jordan,Trey,teacher
10601,Starla,Lory,teacher
10602,Vevay,Fax,teacher
10603,Carmencita,Longfellow,teacher
10604,Dale,Sinegold,teacher
10605,Ana,Eckblad,teacher
10606,Modestia,Chabot,executive staff
10607,Carilyn,Ethban,executive staff
10608,Noelle,Garlinda,teacher
10609,Verla,Stevy,teacher
10610,Jan,Brady,executive staff
10611,Doralynne,Chinua,teacher
10612,Nariko,Peonir,teacher
10613,Ulrike,Kathie,executive staff
10614,Eolanda,Bearnard,executive staff
10615,Penelopa,Wooster,executive staff
10616,Michaelina,Henrie,executive staff
10617,Hallie,Hutchison,teacher
10618,Collen,Giule,teacher
10619,Sue,Codding,teacher
10620,Giustina,Rillings,executive staff
10621,Adore,Socha,teacher
10622,Pearline,Jacinda,teacher
10623,Raquela,Hillel,teacher
10624,Kellen,Klemperer,executive staff
10625,Estell,Merell,executive staff
10626,Bettine,Fiann,executive staff
10627,Evaleen,Knowling,executive staff
10628,Karina,Thilda,executive staff
10629,Nicoli,Niccolo,teacher
10630,Dennie,Flita,executive staff
10631,Charmaine,Lindemann,executive staff
10632,Ginnie,Wareing,executive staff
10633,Sindee,Zrike,executive staff
10634,Nataline,Bettine,teacher
10635,Katleen,Artie,teacher
10636,Jennica,Erlandson,executive staff
10637,Lanae,Halsey,teacher
10638,Gerianna,Ammann,executive staff
10639,Jeanna,Uund,teacher
10640,Albertina,Annabella,teacher
10641,Edee,Leffen,teacher
10642,Maisey,Vins,teacher
10643,Jinny,Guthrie,teacher
10644,Alleen,Lewes,executive staff
10645,Kathy,Middleton,teacher
10646,Sadie,Kristi,executive staff
10647,Merci,Maples,teacher
10648,Briney,Anselmi,teacher
10649,Tiffie,McClimans,executive staff
10650,Anallese,Kosey,teacher
10651,Cecile,Jehu,teacher
10652,Nerta,Therine,teacher
10653,Juliane,Nunci,teacher
10654,Olivette,Ophelia,executive staff
10655,Magdalena,Jacqui,teacher
10656,Emilia,Gladstone,executive staff
10657,Ethel,Rooney,teacher
10658,Aili,Fleeta,teacher
10659,Kate,Gombach,teacher
10660,Claresta,Prouty,teacher
10661,Dione,Ellord,executive staff
10662,Regina,Ashok,executive staff
10663,Gianina,Tice,executive staff
10664,Camile,Jorgan,teacher
10665,Moyna,Zetta,teacher
10666,Charmaine,Malina,executive staff
10667,Siana,Kelula,teacher
10668,Taffy,Harday,teacher
10669,Benita,Goth,teacher
10670,Raf,Lutero,teacher
10671,Olwen,Nicoline,teacher
10672,Yolane,Cynar,teacher
10673,Merle,Khorma,executive staff
10674,Norine,Abbot,executive staff
10675,Jean,Zaslow,teacher
10676,Nannie,Norvol,executive staff
10677,Margarette,Danby,teacher
10678,Ottilie,Carri,executive staff
10679,Kimberley,Amethist,teacher
10680,Rochette,Raychel,teacher
10681,Anica,Gavrila,executive staff
10682,Jany,Olnee,teacher
10683,Maud,Keelia,executive staff
10684,Silvana,Ranjiv,executive staff
10685,Jean,Romelda,teacher
10686,Anthia,Ball,executive staff
10687,Joelly,Redmond,executive staff
10688,Joeann,Plato,teacher
10689,Perry,Zamora,executive staff
10690,Dorene,Holbrook,executive staff
10691,Collen,Ehrman,executive staff
10692,Ninnetta,Melony,teacher
10693,Helsa,Craggie,teacher
10694,Lily,Huggins,executive staff
10695,Doralynne,Genna,executive staff
10696,Selma,Ahab,teacher
10697,Chastity,Killigrew,executive staff
10698,Marylou,Tatianas,teacher
10699,Glenda,Merell,teacher
10700,Amii,Henrie,teacher
10701,Paulita,Alwin,teacher
10702,Leona,Nerita,executive staff
10703,Gale,Horan,teacher
10704,Maryellen,Couture,teacher
10705,Sharlene,Brady,executive staff
10706,Louella,An,teacher
10707,Kirbee,Artie,executive staff
10708,Hollie,Nerita,teacher
10709,Darci,Means,teacher
10710,Randa,Milson,teacher
10711,Lisette,Evangelia,teacher
10712,Drucie,Laverne,teacher
10713,Hallie,Fabiola,executive staff
10714,Agathe,Sawtelle,teacher
10715,Jinny,Seumas,teacher
10716,Edee,Hanleigh,executive staff
10717,Kimberley,Couture,executive staff
10718,Shandie,Saree,teacher
10719,Nyssa,Darian,teacher
10720,Shirlee,Ackerley,executive staff
10721,Kaia,Radu,executive staff
10722,Andeee,Vernier,teacher
10723,Lynnea,Dosia,teacher
10724,Rosabelle,Estella,teacher
10725,Audrie,Dorcy,executive staff
10726,Fanchon,Heidt,teacher
10727,Korrie,Narton,teacher
10728,Adore,Ellerey,teacher
10729,Talya,Delacourt,executive staff
10730,Nannie,Levey,teacher
10731,Natka,Clywd,executive staff
10732,Camile,Cookie,executive staff
10733,Deirdre,Cyrie,teacher
10734,Angelique,Kimmie,executive staff
10735,Caritta,Wittie,teacher
10736,Rivalee,Frodi,teacher
10737,Tina,Dowski,teacher
10738,Sarette,Mitzi,teacher
10739,Darci,Alfons,teacher
10740,Corina,Nunci,teacher
10741,Dennie,Carolin,teacher
10742,Valera,Jalbert,executive staff
10743,Elyssa,Dom,teacher
10744,Ofilia,Wiener,teacher
10745,Hope,Bahr,teacher
10746,Penelopa,Miru,executive staff
10747,Marcy,Christal,teacher
10748,Shel,Stoller,executive staff
10749,Tomasina,Yuille,executive staff
10750,Willetta,Joseph,executive staff
10751,Dulce,Hanshaw,teacher
10752,Sissy,Khorma,executive staff
10753,Charissa,Old,executive staff
10754,Carilyn,Waldron,executive staff
10755,Kalina,Esmaria,teacher
10756,Corina,Dielu,executive staff
10757,Belinda,Means,executive staff
10758,Tersina,Maryanne,teacher
10759,Felice,Lia,teacher
10760,Cacilie,Lorain,teacher
10761,Layla,Trace,executive staff
10762,Shaine,Leonard,teacher
10763,Nessie,Allina,executive staff
10764,Marcy,Gavrila,executive staff
10765,Shirlee,Kaja,executive staff
10766,Violet,Clie,executive staff
10767,Britni,Kiyoshi,executive staff
10768,Joane,Pyle,executive staff
10769,Mignon,Noman,executive staff
10770,Gale,Garek,teacher
10771,Melina,Gunn,executive staff
10772,Bibby,Sophronia,executive staff
10773,Shirlee,Skell,executive staff
10774,Gwyneth,Natalia,teacher
10775,Jessamyn,Sidonius,executive staff
10776,Lyssa,Nerita,teacher
10777,Sue,Ricarda,executive staff
10778,Bertine,Gahl,teacher
10779,Lily,Nikaniki,teacher
10780,Vita,Ortrude,executive staff
10781,Augustine,Lail,teacher
10782,Annice,Ummersen,teacher
10783,Arlena,Yusuk,executive staff
10784,Evita,Ietta,teacher
10785,Rebeca,Barbey,teacher
10786,Christal,Raama,executive staff
10787,Katuscha,Turne,teacher
10788,Sam,Halsey,teacher
10789,Basia,Mintz,executive staff
10790,Dyann,Bollay,teacher
10791,Maridel,Pip,executive staff
10792,Flory,Annice,teacher
10793,Bee,Terrence,teacher
10794,Shannah,Quent,executive staff
10795,Sophia,McLaughlin,executive staff
10796,Dacia,Delp,executive staff
10797,Doro,Love,executive staff
10798,Andeee,Lenny,executive staff
10799,Emma,Obed,executive staff
10800,Malina,Kiyoshi,executive staff
10801,Joane,Vacuva,teacher
10802,Florie,Constancy,executive staff
10803,Eve,Sabella,teacher
10804,Anthia,Hermes,executive staff
10805,Dacia,Ellerey,teacher
10806,Christy,Gabrielli,executive staff
10807,Ingrid,Rossner,executive staff
10808,Karina,Iphlgenia,teacher
10809,Estell,Faria,executive staff
10810,Celisse,Cristi,executive staff
10811,Barbi,Meter,executive staff
10812,Gale,Matthew,executive staff
10813,Modestia,Daniele,teacher
10814,Kayla,Dannye,teacher
10815,Alleen,Garbe,teacher
10816,Darci,Shields,executive staff
10817,Roxane,Kosey,teacher
10818,Dode,Ardra,teacher
10819,Tersina,Myrilla,executive staff
10820,Debee,Chauncey,executive staff
10821,Andree,Elbertina,teacher
10822,Blinni,Vanni,teacher
10823,Emilia,Jenness,executive staff
10824,Chickie,Brenn,teacher
10825,Sindee,Sasnett,teacher
10826,Ardenia,Kirbee,teacher
10827,Iseabal,Gualtiero,teacher
10828,Jere,Sisile,teacher
10829,Lorne,Alcott,teacher
10830,Ilse,Bord,executive staff
10831,Janeczka,Merat,executive staff
10832,Gilligan,Sothena,teacher
10833,Danika,Wildermuth,teacher
10834,Suzette,Reidar,executive staff
10835,Cherrita,Darrell,executive staff
10836,Ardenia,Elsinore,teacher
10837,Gerrie,Torray,teacher
10838,Judy,Danby,teacher
10839,Allis,Evangelia,executive staff
10840,Kore,Tacye,teacher
10841,Fernande,Rillings,teacher
10842,Jolyn,Alcott,executive staff
10843,Kore,Raychel,executive staff
10844,Katuscha,Teddman,executive staff
10845,Minda,Stuart,executive staff
10846,Merrie,Klotz,executive staff
10847,Marinna,Callista,teacher
10848,Coral,Candy,teacher
10849,Margarette,Shields,teacher
10850,Antonietta,Radu,teacher
10851,Siana,Hedve,executive staff
10852,Bobbi,Fry,teacher
10853,Libbie,Blase,executive staff
10854,Aimil,Ethban,teacher
10855,Monika,Kolnick,executive staff
10856,Alisha,Lipson,executive staff
10857,Dawn,Gregrory,executive staff
10858,Kayla,Weitman,executive staff
10859,Tarra,Cottle,executive staff
10860,Yetty,Callista,executive staff
10861,Maye,Eiser,teacher
10862,Lanna,Sandye,teacher
10863,Abbie,Avi,teacher
10864,Catrina,Peg,executive staff
10865,Devina,Dulciana,executive staff
10866,Elvira,Cohdwell,executive staff
10867,Daphne,Payson,teacher
10868,Lorenza,Kamaria,teacher
10869,Melanie,Brodench,teacher
10870,Brynna,Berriman,teacher
10871,Linzy,Nunci,teacher
10872,Sybille,Anderea,teacher
10873,Marika,Torray,teacher
10874,Lesly,Dannye,executive staff
10875,Zsa Zsa,Kirstin,teacher
10876,Carmencita,Marcellus,teacher
10877,Wendi,Gaal,executive staff
10878,Esmeralda,Oster,teacher
10879,Molli,Abbot,executive staff
10880,Ardenia,Paine,executive staff
10881,Marcelline,Emanuel,teacher
10882,June,Raseda,executive staff
10883,Agathe,Ball,teacher
10884,Melina,Hourigan,teacher
10885,Oona,Jagir,executive staff
10886,Arabel,Croix,teacher
10887,Frank,Even,executive staff
10888,Ardeen,Stover,executive staff
10889,Sadie,Frodi,executive staff
10890,Cristine,Sharl,teacher
10891,Jean,Prouty,teacher
10892,Kara-Lynn,Valoniah,teacher
10893,Merry,Anastatius,teacher
10894,Eve,Klotz,teacher
10895,Melina,Presber,teacher
10896,Minda,Scammon,executive staff
10897,Madalyn,Wu,executive staff
10898,Sarette,Suzetta,executive staff
10899,Carilyn,Eiser,teacher
10900,Hettie,Erb,teacher
10901,Vevay,Nisbet,executive staff
10902,Chandra,Bebe,teacher
10903,Carol-Jean,Cullin,executive staff
10904,Latisha,Winnick,teacher
10905,Teddie,Therine,executive staff
10906,Cherilyn,Joeann,teacher
10907,Dennie,Lipson,teacher
10908,Tina,Trey,executive staff
10909,Marita,Papageno,executive staff
10910,Aryn,Linskey,executive staff
10911,Libbie,Leifeste,teacher
10912,Danny,Pearse,executive staff
10913,Meghann,Hashim,executive staff
10914,Marita,Hillel,teacher
10915,Aigneis,Crudden,executive staff
10916,Elfreda,Goth,teacher
10917,Leia,Berl,teacher
10918,Cassandra,Kellby,teacher
10919,Joeann,Nahum,executive staff
10920,Yolane,Decato,teacher
10921,Karlee,Doig,executive staff
10922,Alie,Aaberg,executive staff
10923,Nyssa,Tiffa,teacher
10924,Blake,Evvie,teacher
10925,Cathie,Campball,executive staff
10926,Giustina,Wenoa,teacher
10927,Paulita,Valerio,executive staff
10928,Chrystel,Madaih,teacher
10929,Tatiania,Olin,executive staff
10930,Kalina,Travax,executive staff
10931,Mathilda,Jobi,executive staff
10932,Lonnie,Tatianas,teacher
10933,Dorothy,Sadowski,executive staff
10934,Jackie,Modie,teacher
10935,Ronna,Stoller,executive staff
10936,Carly,Killigrew,executive staff
10937,Tera,Nelsen,teacher
10938,Georgina,Nunci,executive staff
10939,Beth,Delacourt,teacher
10940,Mireielle,Robertson,teacher
10941,Marylou,Simmonds,executive staff
10942,Michaelina,Silvan,teacher
10943,Isa,Ruvolo,teacher
10944,Marsiella,Caitlin,executive staff
10945,Sean,Erich,executive staff
10946,Lizzie,Sadowski,teacher
10947,Babita,Modie,executive staff
10948,Carly,Dominy,executive staff
10949,Rosaline,Merriott,teacher
10950,Cathyleen,Oster,teacher
10951,Randa,Anestassia,executive staff
10952,Leontine,Kesley,executive staff
10953,Dawn,Gabrielli,teacher
10954,Atlanta,Garrison,teacher
10955,Adele,Alfons,executive staff
10956,Candi,Kaete,executive staff
10957,Ruthe,Ulphia,teacher
10958,Roxane,Kolnick,executive staff
10959,Rhea,Even,teacher
10960,Carilyn,Donell,teacher
10961,Meriel,Georas,executive staff
10962,Wileen,Krystle,teacher
10963,Ketti,Briney,executive staff
10964,Arabel,Ursulette,executive staff
10965,Valeda,Guildroy,teacher
10966,Emilia,Ventre,teacher
10967,Amelia,Alcott,executive staff
10968,Arabel,Clie,teacher
10969,Tierney,Jerald,teacher
10970,Emylee,Wallis,executive staff
10971,Mahalia,Septima,executive staff
10972,Nadine,Lunsford,executive staff
10973,Vonny,Diogenes,executive staff
10974,Joelly,Swigart,teacher
10975,Harrietta,Japeth,teacher
10976,Latisha,Cutlerr,executive staff
10977,Gwyneth,Carlson,executive staff
10978,Kenna,Strephon,executive staff
10979,Roberta,Mata,teacher
10980,Queenie,O'Carroll,teacher
10981,Tomasina,Tippets,teacher
10982,Sara-Ann,Ball,teacher
10983,Robinia,Elbertina,teacher
10984,Genovera,Yam,executive staff
10985,Glenda,Kravits,executive staff
10986,Gabriellia,Percy,executive staff
10987,Kathi,Kannry,teacher
10988,Barbara,Ricarda,executive staff
10989,Gretal,Read,executive staff
10990,Larine,Valoniah,executive staff
10991,Aigneis,Faust,executive staff
10992,Fanny,Carri,executive staff
10993,Eugine,Johanna,executive staff
10994,Brandise,Fiester,executive staff
10995,Gavrielle,Greenwald,executive staff
10996,Farrah,Sholley,executive staff
10997,Bill,Cassius,executive staff
10998,Lonnie,Hailee,teacher
10999,Calla,Marcellus,teacher
